p,U_pref,u_act,dist_1,dist_l,P__0__0,P__0__1,P__0__2,P__0__3,P__1__0,P__1__1,P__1__2,P__1__3,P__2__0,P__2__1,P__2__2,P__2__3,P__3__0,P__3__1,P__3__2,P__3__3,VA__0__0,VA__0__1,VA__1__0,VA__1__1,VA__2__0,VA__2__1,VA__3__0,VA__3__1
1.0,109.18143545424155,147.62462153075242,0.0,0.4158213042021235,0.5,0.5092962530243611,0.10088128130382451,0.15180295406244065,0.4907037469960337,0.5,0.0841786957967069,0.12167761515242942,0.8991187186982899,0.915821304203343,0.5,0.5062436091050787,0.8481970461707131,0.8783223848719091,0.49375639095476326,0.5,5.456640771275623e-11,-0.4014021255739519,4.753388677738402e-11,-0.39307585113624155,-6.385615928735509e-11,0.47128717996851316,-3.9113592872185364e-11,0.37536708735762747
6.55,1.0822767432134208,0.8877094758447613,,,0.5,0.5139322676277458,0.5043870142937726,0.505976437115562,0.4860677323722541,0.5,0.4917597030468726,0.4940550300931589,0.4956129857062273,0.5082402969531273,0.5,0.502117043168963,0.494023562884438,0.5059449699068411,0.497882956831037,0.5,0.25882728343299827,-0.2577867063213388,0.23951585395289138,-0.26362030488862526,-0.2532575919806639,0.2729384305687858,-0.24763262508040462,0.26298876405880406
9.900000000000007,0.8218573959184984,0.6629038101752479,,,0.5,0.5127142735061433,0.5049985827189137,0.507010228766863,0.48728572649385654,0.5,0.49351413887241274,0.49634073201586737,0.4950014172810861,0.5064858611275872,0.5,0.5032519122299319,0.492989771233137,0.5036592679841326,0.4967480877700681,0.5,0.26519529526575414,-0.2641503923536756,0.24438537416506617,-0.2655186465724295,-0.25704502090724046,0.2801560093614161,-0.25305156428145426,0.27172302164085627
10.009999999999831,0.8170635587135804,0.6588649622536705,0.4817527940593473,0.02739937708537304,0.5,0.512683703876768,0.504995880091205,0.5070214968021013,0.48731629612323196,0.5,0.49354800106289576,0.49638849748170527,0.49500411990879495,0.5064519989371042,0.5,0.5032746531228388,0.49297850319789865,0.5036115025182947,0.4967253468771612,0.5,0.26537599062981965,-0.2643281487097131,0.24451083029218432,-0.2655853352804162,-0.2571468262674654,0.2803591847065833,-0.25316983929127607,0.27194800208902653
