p,U_pref,u_act,dist_1,dist_l,P__0__0,P__0__1,P__0__2,P__0__3,P__1__0,P__1__1,P__1__2,P__1__3,P__2__0,P__2__1,P__2__2,P__2__3,P__3__0,P__3__1,P__3__2,P__3__3,VA__0__0,VA__0__1,VA__1__0,VA__1__1,VA__2__0,VA__2__1,VA__3__0,VA__3__1
1.0,83.07276359967108,115.8628308963444,0.0,0.4271188435684935,0.5,0.5089403145455247,0.0839845059515336,0.0764820201288338,0.4910596854603801,0.5,0.0728811564221077,0.07676070405427576,0.9160154940482611,0.9271188435093156,0.5,0.5065164565455494,0.9235179799028892,0.9232392959356086,0.49348354347790074,0.5,-0.045447024474508706,-0.5282041317885056,-0.036596403748053175,-0.5434161593803586,0.04295041309477874,0.503566698853888,0.0378997009705415,0.4882689660222568
1.55,14.490642056251591,15.764810585083174,,,0.4999999999999998,0.5124721707086891,0.25202702650910686,0.25687608460548617,0.4875278292913109,0.4999999999999998,0.24010687354625465,0.24470193669073373,0.7479729734908931,0.7598931264537453,0.4999999999999998,0.5031820359320042,0.743123915394514,0.7552980633092663,0.49681796406799583,0.4999999999999998,0.07517899655412547,-0.4028454044321286,0.059244125705461385,-0.42154615778515614,-0.07110826180820932,0.4238964548940322,-0.06344696933054209,0.39905038268065174
1.7,10.798665832169238,11.337773340958755,0.9141075127807411,0.8783469477332068,0.4999999999999998,0.51296046871035,0.29866013511599715,0.30204838585770033,0.4870395312896499,0.4999999999999998,0.28583952102694554,0.2890952630411408,0.7013398648840028,0.7141604789730541,0.4999999999999998,0.5026446026001492,0.6979516141422999,0.7109047369588593,0.49735539739985085,0.4999999999999998,0.1077039881297053,-0.3796616746090171,0.08838378926225,-0.3947348047209084,-0.10276155166298298,0.39595399824238586,-0.09341783527166848,0.37612920433709346
10.0,0.8137219061431495,0.6531187903428829,0.5023059481256189,0.027403752594052207,0.5,0.5126848747209303,0.4920003424109429,0.4903831731942876,0.48731512527906956,0.5,0.4775704059040421,0.478220958039693,0.5079996575890572,0.522429594095958,0.5,0.5021994750431622,0.5096168268057124,0.5217790419603069,0.4978005249568377,0.5,0.25951521715050724,-0.27318811578215313,0.23379093591770145,-0.27578088580891896,-0.24106656787335187,0.29144258938952067,-0.23993363670433956,0.2859141992274177
